{"index": 0}
{"index": 1, "proof": 336, "previous_hash": "61d3204155fe91ad20329e508935f5a6adc6be7be52aef01c3e98d62ddd7eba8", "timestamp": "2022-05-05 02:59:38.183085", "data": "{'Manufacturer': 'Nike', 'ProductName': 'Jordan', 'ProductBatch': 'May2022', 'ProductManufacturedDate': '123', 'ProductExpiryDate': '9', 'ProductId': '1', 'ProductPrice': '9999', 'ProductSize': '11', 'ProductType': 'Sneakers', 'hash': 'b2a182eeb5c3dfdae35cc886d43628a3e126f7c6b3f314a47fbc960ee69680bc'}"}
{"index": 2, "proof": 709, "previous_hash": "1a44d031b276ca939c8d8a4a0173d7694d4a00278e3abbc70286f6fff7f5a3d8", "timestamp": "2022-05-05 05:17:28.824895", "data": "{'Manufacturer': 'reebok', 'ProductName': 'air', 'ProductBatch': 'may22', 'ProductManufacturedDate': '2022-05-13', 'ProductExpiryDate': '', 'ProductId': '465', 'ProductPrice': '57777', 'ProductSize': '5', 'ProductType': 'casuals', 'hash': 'ab7707b3256215202449252ad3b3391034c073046a3174421e810fc5bb6ebe9a'}"}
{"index": 3, "proof": 559, "previous_hash": "39e160cdce621a97130b45797ac0ddc9722dae870f94df2b66923b0af914f41b", "timestamp": "2022-05-05 05:19:44.711670", "data": "{'Manufacturer': 'Asian', 'ProductName': 'Paints', 'ProductBatch': 'May2022', 'ProductManufacturedDate': '2022-05-07', 'ProductExpiryDate': '', 'ProductId': 'M25', 'ProductPrice': '599', 'ProductSize': '9', 'ProductType': 'Casuals', 'hash': '61b8834afc1949a1cc512fb2956c4ea80fc47b34d269e37014a5c8c8c3429888'}"}
{"index": 4, "proof": 500, "previous_hash": "40d01420eea3f89d4ab4c65b8ccae36a529a6b117bef72fa858e20eaf2e520f4", "timestamp": "2022-05-05 05:20:32.083356", "data": "{'Manufacturer': 'Asian', 'ProductName': 'Paints', 'ProductBatch': 'May2022', 'ProductManufacturedDate': '2022-05-07', 'ProductExpiryDate': '', 'ProductId': 'M25', 'ProductPrice': '599', 'ProductSize': '10', 'ProductType': 'Casuals', 'hash': '03831cae59f0d34e63e09ccad9bbd2b5aebc926139f443dd39496aaa38a65b2d'}"}
{"index": 5, "proof": 222, "previous_hash": "84b46e9cd6f88e2b941f76febe716d892b0902adf0257602a3a4cfdb81102299", "timestamp": "2022-05-05 05:22:23.773262", "data": "{'Manufacturer': 'Asian', 'ProductName': 'Paints', 'ProductBatch': 'May2022', 'ProductManufacturedDate': '2022-05-07', 'ProductExpiryDate': '', 'ProductId': 'M25', 'ProductPrice': '599', 'ProductSize': '11', 'ProductType': 'Casuals', 'hash': '335bd9e09a357cf89b367a12249ec8153e3d851a7f96f5fdd9869b31ab79e32e'}"}
{"index": 6, "proof": 435, "previous_hash": "1f7d095fd875773f53195784806fc071afae9560a20002e749793fbebb8d035c", "timestamp": "2022-05-05 05:22:33.890503", "data": "{'Manufacturer': 'Asian', 'ProductName': 'Paints', 'ProductBatch': 'May2022', 'ProductManufacturedDate': '2022-05-07', 'ProductExpiryDate': '', 'ProductId': 'M25', 'ProductPrice': '599', 'ProductSize': '11', 'ProductType': 'Casuals', 'hash': '335bd9e09a357cf89b367a12249ec8153e3d851a7f96f5fdd9869b31ab79e32e'}"}
{"index": 7, "proof": 241, "previous_hash": "8eb5ad06ba9352bb51cb5af20288728854ef8150a18c3b8e4e7e3d22d309a8bb", "timestamp": "2022-05-05 10:27:11.944883", "data": "{'Manufacturer': 'Screaming Eagle', 'ProductName': 'Asauvigonon', 'ProductBatch': 'May2022', 'ProductManufacturedDate': '2022-05-05', 'ProductExpiryDate': '', 'ProductId': 'SEA01', 'ProductPrice': '10000', 'ProductSize': '750', 'ProductType': 'Jagra', 'hash': '903f66c19da4fa90bc37327dfa7989422d49ccd71d6ab97cc5b16c07ab403ccc'}"}
{"index": 8, "proof": 639, "previous_hash": "fbb62ff47544e9e4dc6af1b03673763c8027138a1c8ea79623ad6019d6f57c61", "timestamp": "2022-05-05 10:42:35.975420", "data": "{'Manufacturer': 'LUPIN', 'ProductName': 'DOLO', 'ProductBatch': 'AR', 'ProductManufacturedDate': '2022-05-05', 'ProductExpiryDate': '', 'ProductId': 'A301', 'ProductPrice': '100', 'ProductSize': '10', 'ProductType': 'PAINKILLER', 'hash': '172b5ddbead0a253c51d1b09a5d73eb37800e26edd765488aa1ee682ea3de881'}"}
{"index": 9, "proof": 996, "previous_hash": "23cb416ff46fee70f6083b132a4af5b9d7c0e3d19f29dfd67af95d82e4758b70", "timestamp": "2022-05-05 10:47:54.585135", "data": "{'Manufacturer': 'Budweissser', 'ProductName': 'Strong', 'ProductBatch': 'M3', 'ProductManufacturedDate': '2022-05-05', 'ProductExpiryDate': '', 'ProductId': '12345ASDS', 'ProductPrice': '195', 'ProductSize': '750', 'ProductType': 'beer', 'hash': '138e1f699184ff6924d2b3dd6d73ceaf1b4fb04be711f0ba4801ccac7eb53aec'}"}
{"index": 10, "proof": 342, "previous_hash": "16944263ebf5a985563afd0fd4b8f9b1fb40e5497f030a702f1e5fdb378c1ab5", "timestamp": "2022-05-05 10:50:44.854099", "data": "{'Manufacturer': 'adf', 'ProductName': 'asdfasdf', 'ProductBatch': 'adfasdf', 'ProductManufacturedDate': '2022-05-09', 'ProductExpiryDate': '', 'ProductId': 'asdf', 'ProductPrice': '3213', 'ProductSize': '123', 'ProductType': '123', 'hash': 'e90bbfccab91df2f95e06eef27207236c545316dfd1457715bcb44e4e0b0cbd5'}"}
{"index": 11, "proof": 244, "previous_hash": "677f9d486b70c9c5db2b3a1c57c413530f5621b094d71637573de4723b0621b9", "timestamp": "2022-05-05 10:53:06.018345", "data": "{'Manufacturer': 'Puma', 'ProductName': 'Puma365-1', 'ProductBatch': 'MAY2022', 'ProductManufacturedDate': '2022-05-01', 'ProductExpiryDate': '', 'ProductId': 'PUMA365MAY2022', 'ProductPrice': '6999', 'ProductSize': '7', 'ProductType': 'Sneaker', 'hash': '7a33339e597621b60597e06e6f77893caf435bf5120b91a9f2cf1f5533ecb765'}"}
{"index": 12, "proof": 900, "previous_hash": "348d4f46919c4cae1956b31e796bdf900f5e99b6219af875faa93f0e086b9dbe", "timestamp": "2022-05-05 11:30:39.891248", "data": "{'Manufacturer': 'asd', 'ProductName': 'asd', 'ProductBatch': 'asd', 'ProductManufacturedDate': '', 'ProductExpiryDate': '', 'ProductId': 'asd', 'ProductPrice': 'asd', 'ProductSize': '123', 'ProductType': 'asd', 'hash': '492142d288049573dac7ec4095e3d8c6ca49ba4002cdca693d379d877d5cf03c'}"}
{"index": 13, "proof": 652, "previous_hash": "4c761a92fa4fedf6e6cdec7c8bbd415ae0eee38d7fa6fd4186fa64041b38c337", "timestamp": "2022-05-05 11:31:11.421124", "data": "{'Manufacturer': 'asd', 'ProductName': 'asd', 'ProductBatch': 'asd', 'ProductManufacturedDate': '', 'ProductExpiryDate': '', 'ProductId': 'asd', 'ProductPrice': 'asd', 'ProductSize': '123', 'ProductType': 'asd', 'hash': '492142d288049573dac7ec4095e3d8c6ca49ba4002cdca693d379d877d5cf03c'}"}
{"index": 14, "proof": 223, "previous_hash": "8af61785ac5c1352f8310297de5399364ed76b4274a197c320d0a7adfabca1d3", "timestamp": "2022-05-05 11:32:07.460321", "data": "{'Manufacturer': 'qwe', 'ProductName': 'qwe', 'ProductBatch': 'qwe', 'ProductManufacturedDate': '2022-05-17', 'ProductExpiryDate': '2022-05-14', 'ProductId': 'qwe', 'ProductPrice': 'qwe', 'ProductSize': '789', 'ProductType': 'qwe', 'hash': '737d9996637e1c110e62a71e4095de3c283dd2f3ffd46d38dc38e03aed10cccc'}"}
{"index": 15, "proof": 325, "previous_hash": "19a3e2efa4326e573c25cb0ed836382e87e1904ef6fb48287547240eb801583c", "timestamp": "2022-05-05 11:36:24.387413", "data": "{'Manufacturer': 'AEWR', 'ProductName': 'adsf', 'ProductBatch': 'fdsa', 'ProductManufacturedDate': '', 'ProductExpiryDate': '', 'ProductId': 'fsa', 'ProductPrice': 'adff', 'ProductSize': '456', 'ProductType': '34234', 'hash': 'fdef09f3402081cb5dad12930a02220d3eaa3c1844f2f637088b693dc63772bc'}"}
{"index": 16, "proof": 766, "previous_hash": "bf6de43504eac921099984d0a61a1848ffd1c457b7c13a7e1a0275646658d8b9", "timestamp": "2022-05-17 17:52:07.299407", "data": "{'Manufacturer': 'NIKE', 'ProductName': 'JORDAN', 'ProductBatch': 'MAY2022', 'ProductManufacturedDate': '2022-05-03', 'ProductExpiryDate': '', 'ProductId': 'NJM22', 'ProductPrice': '9999', 'ProductSize': '11', 'ProductType': 'Sneakers', 'hash': '42e7ea0fb3974de9e72c6bb320c568e0506d14ef6b5f2aae88e02db6dfa976ab'}"}
{"index": 17, "proof": 422, "previous_hash": "2dff77a397d2f560509184de841a274e7f962743deb0b8215ec31737d57eda91", "timestamp": "2022-06-06 23:08:55.312741", "data": "{'Manufacturer': 'Lifecare Pvt. Ltd.', 'ProductName': 'Lorab-DSR', 'ProductBatch': 'CG00088', 'ProductManufacturedDate': '2022-02-02', 'ProductExpiryDate': '2024-01-01', 'ProductId': 'G/28/1587', 'ProductPrice': '103', 'ProductSize': '10', 'ProductType': 'Capsules', 'hash': 'c1ceb04cc02f3fd3e57028e4b0417c83d6e0fa6c16117932c6b39bad550a813f'}"}
{"index": 18, "proof": 822, "previous_hash": "4064e50167a0820e488b78fdea77cabe3acc9683d4f6b5eb26a63ec63911f163", "timestamp": "2022-06-06 23:12:54.525705", "data": "{'Manufacturer': 'Lifecare Pvt. Ltd.', 'ProductName': 'Lorab-DSR', 'ProductBatch': 'CG00088', 'ProductManufacturedDate': '2022-02-02', 'ProductExpiryDate': '2024-01-01', 'ProductId': 'G/28/1587', 'ProductPrice': '103', 'ProductSize': '10', 'ProductType': 'Capsules', 'hash': 'c1ceb04cc02f3fd3e57028e4b0417c83d6e0fa6c16117932c6b39bad550a813f'}"}
{"index": 19, "proof": 110, "previous_hash": "066b866928aa96a027514453f022e4ee0d4f6ef3faf3edb830ad5cdd39b00501", "timestamp": "2022-06-07 00:09:52.072872", "data": "{'Manufacturer': 'adf', 'ProductName': 'adf', 'ProductBatch': 'asdf', 'ProductManufacturedDate': '2022-07-05', 'ProductExpiryDate': '', 'ProductId': 'asdf', 'ProductPrice': 'adf', 'ProductSize': '123', 'ProductType': 'adf', 'hash': '168fcefab26cfd2a142ed3c194dea8ebf24638e6ac6d69ef3ec167dffe087cb6'}"}
{"index": 20, "proof": 676, "previous_hash": "12aed7562cba4e983c40223acca3e455cf67c7a2d965ba6a3c6b727fc4e57daa", "timestamp": "2022-06-07 00:13:56.612851", "data": "{'Manufacturer': 'qwe', 'ProductName': 'qwe', 'ProductBatch': 'qwe', 'ProductManufacturedDate': '2022-06-29', 'ProductExpiryDate': '', 'ProductId': 'qwe', 'ProductPrice': 'qwe', 'ProductSize': '123', 'ProductType': 'qwe', 'hash': 'f9cfc00974dde33791d1899b6d4ba248c74395560e037c76518b4deec066d2f2'}"}
{"index": 21, "proof": 195, "previous_hash": "60cc20ef51dfce4a44797e971a234dca3ae5541506e2c77eb552458864e6e6cf", "timestamp": "2022-06-07 00:18:47.986450", "data": "{'Manufacturer': 'qwe', 'ProductName': 'qwe', 'ProductBatch': 'qwe', 'ProductManufacturedDate': '2022-06-29', 'ProductExpiryDate': '', 'ProductId': 'qwe', 'ProductPrice': 'qwe', 'ProductSize': '123', 'ProductType': 'qwe', 'hash': 'f9cfc00974dde33791d1899b6d4ba248c74395560e037c76518b4deec066d2f2'}"}
{"index": 22, "proof": 205, "previous_hash": "216ff623dfe361d5eb5d46276b63ba1baa7ea40918a8b7d4bff6166917085745", "timestamp": "2022-06-07 00:21:09.610864", "data": "{'Manufacturer': 'qwe', 'ProductName': 'qwe', 'ProductBatch': 'qwe', 'ProductManufacturedDate': '2022-06-29', 'ProductExpiryDate': '', 'ProductId': 'qwe', 'ProductPrice': 'qwe', 'ProductSize': '123', 'ProductType': 'qwe', 'hash': 'f9cfc00974dde33791d1899b6d4ba248c74395560e037c76518b4deec066d2f2'}"}
{"index": 23, "proof": 305, "previous_hash": "7dd341feb532e590c68a918e31fae880e6c3e7b5d1c0258b44848297ba0e4b05", "timestamp": "2022-06-07 00:21:55.347848", "data": "{'Manufacturer': 'qwe', 'ProductName': 'qwe', 'ProductBatch': 'qwe', 'ProductManufacturedDate': '2022-06-29', 'ProductExpiryDate': '', 'ProductId': 'qwe', 'ProductPrice': 'qwe', 'ProductSize': '123', 'ProductType': 'qwe', 'hash': 'f9cfc00974dde33791d1899b6d4ba248c74395560e037c76518b4deec066d2f2'}"}
{"index": 24, "proof": 234, "previous_hash": "afc7acd4fee08dcf4c6a0297acb19f99b6c62cf2dac16715aec5e4d2e4c3d786", "timestamp": "2022-06-07 00:22:15.952786", "data": "{'Manufacturer': 'qwe', 'ProductName': 'qwe', 'ProductBatch': 'qwe', 'ProductManufacturedDate': '2022-06-29', 'ProductExpiryDate': '', 'ProductId': 'qwe', 'ProductPrice': 'qwe', 'ProductSize': '123', 'ProductType': 'qwe', 'hash': 'f9cfc00974dde33791d1899b6d4ba248c74395560e037c76518b4deec066d2f2'}"}
{"index": 25, "proof": 821, "previous_hash": "5e033ce185f46a7fded3bfbb13b6c60028355566aec076d0c293817bfff3bd7f", "timestamp": "2022-06-07 00:23:43.640912", "data": "{'Manufacturer': 'qwe', 'ProductName': 'qwe', 'ProductBatch': 'qwe', 'ProductManufacturedDate': '2022-06-29', 'ProductExpiryDate': '', 'ProductId': 'qwe', 'ProductPrice': 'qwe', 'ProductSize': '123', 'ProductType': 'qwe', 'hash': 'f9cfc00974dde33791d1899b6d4ba248c74395560e037c76518b4deec066d2f2'}"}
{"index": 26, "proof": 37, "previous_hash": "273af2020d9c68e4db82a1b474b7ae0965f35dccdbb0bbccf77eb7db95b4e9a3", "timestamp": "2022-06-07 00:24:18.916993", "data": "{'Manufacturer': 'qwe', 'ProductName': 'qwe', 'ProductBatch': 'qwe', 'ProductManufacturedDate': '2022-06-29', 'ProductExpiryDate': '', 'ProductId': 'qwe', 'ProductPrice': 'qwe', 'ProductSize': '123', 'ProductType': 'qwe', 'hash': 'f9cfc00974dde33791d1899b6d4ba248c74395560e037c76518b4deec066d2f2'}"}
{"index": 27, "proof": 762, "previous_hash": "ef521cfd0f813958134b679fcb5ca0d5073d7215fd721fa0bebacc530f80d742", "timestamp": "2022-06-07 00:25:57.232232", "data": "{'Manufacturer': 'qwe', 'ProductName': 'qwe', 'ProductBatch': 'qwe', 'ProductManufacturedDate': '2022-06-29', 'ProductExpiryDate': '', 'ProductId': 'qwe', 'ProductPrice': 'qwe', 'ProductSize': '123', 'ProductType': 'qwe', 'hash': 'f9cfc00974dde33791d1899b6d4ba248c74395560e037c76518b4deec066d2f2'}"}
{"index": 28, "proof": 252, "previous_hash": "f0facab2e1c8018135ffd29a0913264ea58cf38cd4a1d696ce00eaf66c0c350a", "timestamp": "2022-12-20 10:52:07.641890", "data": "{'Manufacturer': 'Levis', 'ProductName': 'sneaker', 'ProductBatch': '21', 'ProductManufacturedDate': '2022-12-14', 'ProductExpiryDate': '', 'ProductId': '21235', 'ProductPrice': '2300', 'ProductSize': '10', 'ProductType': 'sneaker', 'hash': '9b233c4bc4ab67bef27aa3f8189e309dc733794044e4e94a945d3370e5040d4c'}"}
{"index": 29, "proof": 470, "previous_hash": "6bb0f318aece7a4bd9487950c160ea17bd2427c19ea84d9b599bb5d385d6367a", "timestamp": "2022-12-20 10:52:39.912263", "data": "{'Manufacturer': 'Levis', 'ProductName': 'sneaker', 'ProductBatch': '21', 'ProductManufacturedDate': '2022-12-14', 'ProductExpiryDate': '', 'ProductId': '21235', 'ProductPrice': '2300', 'ProductSize': '10', 'ProductType': 'sneaker', 'hash': '9b233c4bc4ab67bef27aa3f8189e309dc733794044e4e94a945d3370e5040d4c'}"}
{"index": 30, "proof": 24, "previous_hash": "3aef6972317756fca9d49b757c20a15ad5ce83ea1307de239ce2618f8c89051c", "timestamp": "2023-01-02 16:18:46.674388", "data": "{'Manufacturer': 'test', 'ProductName': 'good', 'ProductBatch': '21235', 'ProductManufacturedDate': '212023', 'ProductExpiryDate': '512033', 'ProductId': '123456', 'ProductPrice': '2000', 'ProductSize': '8', 'ProductType': 'medicine', 'hash': '9c97863bdd5798082c56bce3ea4844fd83eec066e992608ad3d2aac732ac19a8'}"}
{"index": 31, "proof": 521, "previous_hash": "b13017c3d8d0b69003ba7b28dd70d079f9f60f0b93b46a0f0601448100695bbf", "timestamp": "2023-01-02 16:30:33.516489", "data": "{'Manufacturer': 'Wineworld', 'ProductName': 'Wineprime', 'ProductBatch': '2002312', 'ProductManufacturedDate': '2023-01-02', 'ProductExpiryDate': '', 'ProductId': '1010', 'ProductPrice': '5000', 'ProductSize': '1', 'ProductType': 'Wine', 'hash': '82e732ab650d98c4211142d482822d5ada368d405ded653184ac124d76202c40'}"}
{"index": 32, "proof": 31, "previous_hash": "0fdcca86d0e55238592708cc9b00d5f5791aa54120995ccc40ac6f48d4e9306c", "timestamp": "2023-01-02 16:32:01.874443", "data": "{'Manufacturer': 'Sun Pharma', 'ProductName': 'dolo650', 'ProductBatch': '1210', 'ProductManufacturedDate': '2023-01-02', 'ProductExpiryDate': '2023-01-31', 'ProductId': '1012', 'ProductPrice': '400', 'ProductSize': '20', 'ProductType': 'medicine', 'hash': '421fd3ec1f2298f59725aca36be09ceb2cda12acf0951c85ebbaac8bf4b40ab5'}"}
{"index": 33, "proof": 264, "previous_hash": "657b44756af1d75bfb1daab9a1cc37e115ac50e174c286af752951f41e168591", "timestamp": "2023-01-02 16:41:44.799868", "data": "{'Manufacturer': 'pharmalab', 'ProductName': 'anacin', 'ProductBatch': '2020', 'ProductManufacturedDate': '1,2,2023', 'ProductExpiryDate': '25,12,26', 'ProductId': '1012', 'ProductPrice': '600', 'ProductSize': '20', 'ProductType': 'medicne', 'hash': '0b605e7aeddd7bc89b2050f757e721c0d78706fa696b94a600f80ebbeae85184'}"}
{"index": 34, "proof": 963, "previous_hash": "16a6fd5bb518409f0830120f0eff21a66a21ff7e1041b0cec0beeca1420b674d", "timestamp": "2023-01-04 17:12:14.102893", "data": "{'Manufacturer': 'Adidas', 'ProductName': 'sneaker', 'ProductBatch': '01012023', 'ProductManufacturedDate': '2023-01-04', 'ProductExpiryDate': '', 'ProductId': '100', 'ProductPrice': '5000', 'ProductSize': '8', 'ProductType': 'sneaker2', 'hash': 'bf92d1dfaf68b100a74694b263de8a3ac117b0bada601945877027ca4b64d3f6'}"}
{"index": 35, "proof": 201, "previous_hash": "ee426e3279a9bcef52e2f8c2b16c70d3b521f300f4afe0626f195df9853ae056", "timestamp": "2024-02-22 12:15:24.555703", "data": "{'Manufacturer': '2', 'ProductName': 'shoes', 'ProductBatch': '4', 'ProductManufacturedDate': '12.3.2024', 'ProductExpiryDate': '5.23.14', 'ProductId': '5', 'ProductPrice': '120', 'ProductSize': '2', 'ProductType': '1', 'hash': '7a2301f625e928990ad15d8534095a5131b9450ab740d656915ae1911e0b63c4'}"}
{"index": 36, "proof": 55, "previous_hash": "3685c259dc411239cb8bb070fe3561ae290a528b954163a1137de8f1d3308525", "timestamp": "2024-02-22 12:18:45.331385", "data": "{'Manufacturer': 'beta', 'ProductName': 'priya', 'ProductBatch': '123045', 'ProductManufacturedDate': '2024-02-15', 'ProductExpiryDate': '', 'ProductId': '120', 'ProductPrice': '120', 'ProductSize': '45', 'ProductType': '4', 'hash': '311116e067d8d621cfe81e75340a02227733714cb7a670f6dfa1539e88de4864'}"}
{"index": 37, "proof": 82, "previous_hash": "9db207c919540f333ac6f2e61ccef1da53fbcd291b6e12f00c0439dc0be9d96f", "timestamp": "2024-02-24 18:10:53.318446", "data": "{'Manufacturer': 'nike', 'ProductName': 'monika', 'ProductBatch': '23', 'ProductManufacturedDate': '2024-02-24', 'ProductExpiryDate': '', 'ProductId': '78', 'ProductPrice': '120', 'ProductSize': '25', 'ProductType': '1', 'hash': 'ee2550fa6e1cf5483c7f1b5958f056f78c5c49d0a15966499483a4c0d8296d46'}"}
{"index": 38, "proof": 258, "previous_hash": "ca00a07df7bc579bd99fcb44ad17b07c0d37e8d99284e027a9416a66ee64167b", "timestamp": "2024-02-26 11:13:53.539285", "data": "{'Manufacturer': 'nike', 'ProductName': 'maha', 'ProductBatch': '25', 'ProductManufacturedDate': '2024-02-26', 'ProductExpiryDate': '', 'ProductId': '452', 'ProductPrice': '500', 'ProductSize': '6', 'ProductType': '2', 'hash': '70347a4dd734732f178f0a9fa781d3501a925085b7301f6e7499e348711190d4'}"}
{"index": 39, "proof": 243, "previous_hash": "4f8a28d9b2b8b90b7199dcf1b5bb8943899ce7cd5e8c1a859dedded6baa065ba", "timestamp": "2024-02-26 11:30:09.636159", "data": "{'Manufacturer': 'nike', 'ProductName': 'maha', 'ProductBatch': '25', 'ProductManufacturedDate': '2024-02-06', 'ProductExpiryDate': '2024-02-29', 'ProductId': '452', 'ProductPrice': '500', 'ProductSize': '1', 'ProductType': '2', 'hash': 'bbb3c5c386778169c4a8b03b4803187021759877eac7f80ba0421c7aaf7f7276'}"}
{"index": 40, "proof": 151, "previous_hash": "077459033e08026189ba0cd960a3df762f943f116f6474071e808d5b3f32a077", "timestamp": "2024-02-26 11:30:57.081639", "data": "{'Manufacturer': 'nike', 'ProductName': 'maha', 'ProductBatch': '25', 'ProductManufacturedDate': '2024-02-27', 'ProductExpiryDate': '', 'ProductId': '452', 'ProductPrice': '', 'ProductSize': '6', 'ProductType': '1', 'hash': 'edc188fa3467c30d751810ef7d02afde6486fafa450a936fe0c731726ee6d109'}"}
{"index": 41, "proof": 617, "previous_hash": "ad9db94fdf8d56b1a3b8ca984867cc788ef41ab8c77d50a06a634118650856e0", "timestamp": "2024-02-26 11:36:45.913112", "data": "{'Manufacturer': 'model', 'ProductName': 'maha', 'ProductBatch': '25', 'ProductManufacturedDate': '', 'ProductExpiryDate': '', 'ProductId': '452', 'ProductPrice': '', 'ProductSize': '', 'ProductType': '1', 'hash': '7e942ef6f6533f489ddbca2f33728e86eac9fb4e775227e1efb0c8e184f9ecbe'}"}
{"index": 42, "proof": 828, "previous_hash": "9fc24970cf94bc0db6e517697faecfbfca623cb0a380164ec5edc7fa21b19fde", "timestamp": "2024-02-26 11:43:21.011306", "data": "{'Manufacturer': 'nike', 'ProductName': 'shalu', 'ProductBatch': '25', 'ProductManufacturedDate': '2024-02-20', 'ProductExpiryDate': '', 'ProductId': '45', 'ProductPrice': '420', 'ProductSize': '5', 'ProductType': '1', 'hash': '456123cda2ea3f2df3b6bbd4b27c9819d61c94aa506c4b3c231f794e47c3330d'}"}
{"index": 43, "proof": 500, "previous_hash": "a8267273bd79b0b452c17cb74a53ab57a3239dac9bc5d480c5b9edde884e3adf", "timestamp": "2024-02-26 11:50:26.421608", "data": "{'Manufacturer': 'nike', 'ProductName': 'maha1', 'ProductBatch': '25', 'ProductManufacturedDate': '2024-02-21', 'ProductExpiryDate': '', 'ProductId': '45', 'ProductPrice': '800', 'ProductSize': '5', 'ProductType': '1', 'hash': 'f189bd0a60c71087a57811f4165966c2b8f48a047d241363647c69f4bde4de89'}"}
{"index": 44, "proof": 597, "previous_hash": "d7e59dcfd336ab53349a562ebf8e6f8b611923da6a48fd0aa4b9b0c963ba1da9", "timestamp": "2024-02-29 12:02:02.271994", "data": "{'Manufacturer': 'nike', 'ProductName': 'maha1', 'ProductBatch': '25', 'ProductManufacturedDate': '', 'ProductExpiryDate': '', 'ProductId': '45', 'ProductPrice': '120', 'ProductSize': '8', 'ProductType': '1', 'hash': 'be1e3c59b07dbcc0ead03842eadf85276ced5bce22a3a6104a30962522c8a30c'}"}
{"index": 45, "proof": 858, "previous_hash": "1a6b67ae645bb301c263d0ec2a6397c8349049faa7f1c75edc7e6dd7f5685a12", "timestamp": "2024-02-29 12:05:21.254470", "data": "{'Manufacturer': 'model', 'ProductName': 'maha1', 'ProductBatch': '25', 'ProductManufacturedDate': '', 'ProductExpiryDate': '', 'ProductId': '45', 'ProductPrice': '420', 'ProductSize': '-3', 'ProductType': '1', 'hash': '770629601aaa019846060e36704b54461fdb2df5d907489cd4492a84aa6ce5ae'}"}
{"index": 46, "proof": 336, "previous_hash": "f03476ea966da26d7b3129a030c9cf81773917b3fdfa612f318bbf812ef8b34e", "timestamp": "2024-02-29 12:05:36.203117", "data": "{'Manufacturer': 'model', 'ProductName': 'maha1', 'ProductBatch': '25', 'ProductManufacturedDate': '', 'ProductExpiryDate': '', 'ProductId': '45', 'ProductPrice': '420', 'ProductSize': '-3', 'ProductType': '1', 'hash': '770629601aaa019846060e36704b54461fdb2df5d907489cd4492a84aa6ce5ae'}"}
{"index": 47, "proof": 926, "previous_hash": "d00616fe83c6943193ec85529550a6fe6bc746719bda36b2161068b5dd289d53", "timestamp": "2024-02-29 12:10:02.774607", "data": "{'Manufacturer': 'model1', 'ProductName': 'maha1', 'ProductBatch': '25', 'ProductManufacturedDate': '', 'ProductExpiryDate': '', 'ProductId': '45', 'ProductPrice': '500', 'ProductSize': '8', 'ProductType': '1', 'hash': '624d7c298780b864e7ba1701db6179f5cf22b0e12512c513e9cf858851aa385b'}"}
{"index": 48, "proof": 597, "previous_hash": "a889fdc3c5a0b8ffc16e30b7f8f0b856f4cf002316d4b1940408544215aba35f", "timestamp": "2024-02-29 12:59:32.221988", "data": "{'Manufacturer': 'nike', 'ProductName': 'shalu99', 'ProductBatch': '563', 'ProductManufacturedDate': '', 'ProductExpiryDate': '', 'ProductId': '4847', 'ProductPrice': '45', 'ProductSize': '5', 'ProductType': '8', 'hash': 'fad9c28e2a4e55b6ed966efc5f505148f46c6df701525b2c93a7d0b4a24f8b25'}"}